experiment,emissions,auroc,rse,rmse
chemberta_classic,0.016010396965565707,,0.346625165375603,1.515376329421997
chemberta_early,0.0033717106917916634,,0.31097048125752114,1.4353241920471191
chemberta2_classic,0.0020659631771053075,,0.2789721683964407,1.3594739437103271
chemberta2_early,0.0006078313631818641,,0.34486478319989405,1.5115233659744263
selformer_classic,0.03163115557559834,,0.32798290350034,1.4740629196166992
selformer_early,0.006506636104782381,,0.39279759582696,1.6131503582000732
smilesbert_classic,0.03246005646426024,,0.9999918727983105,2.5738823413848877
smilesbert_early,0.009899649004263164,,1.0004827717632654,2.5745139122009277
