experiment,emissions,auroc,rse,rmse
chemberta_classic,0.0010255436070139977,0.9605263157894737,,
chemberta_early,0.00036964987829587754,0.993421052631579,,
chemberta2_classic,0.0003055657255393624,0.9671052631578947,,
chemberta2_early,0.0002497755469964467,0.9736842105263158,,
selformer_classic,0.0018474310980921187,0.9473684210526316,,
selformer_early,0.0005615746959100061,0.993421052631579,,
smilesbert_classic,0.0018738506034904933,0.9736842105263158,,
smilesbert_early,0.0008719349148931608,0.9276315789473684,,
