experiment,emissions,auroc,rse,rmse
chemberta_classic,0.002430036367105795,,0.5134728152921137,0.8360697627067566
chemberta_early,0.0006481555879463367,,0.7254034250080282,0.9937418699264526
chemberta2_classic,0.0004813903347342456,,0.5473238336248782,0.863189160823822
chemberta2_early,0.00028635682880712485,,0.6985695951360562,0.9751886129379272
selformer_classic,0.004621535399411785,,0.641846516680472,0.9347584247589111
selformer_early,0.0011084136100622177,,0.6951679899319065,0.9728114604949951
smilesbert_classic,0.004727393564068082,,0.6924793068647361,0.9709283709526062
smilesbert_early,0.0015741835745444583,,0.7521510551906072,1.011897087097168
