experiment,emissions,auroc,rse,rmse
chemberta_classic,0.005493607797171717,,0.9256213809598558,1.1036148071289062
chemberta_early,0.001294383120898472,,0.9310597541712452,1.1068521738052368
chemberta2_classic,0.0008399343133687383,,0.9950174611373893,1.1442375183105469
chemberta2_early,0.0003415644555015705,,0.8696984988689879,1.069757103919983
selformer_classic,0.010664456303631583,,1.0675637381546612,1.1852166652679443
selformer_early,0.0023112575798880782,,0.9912193573939568,1.1420515775680542
smilesbert_classic,0.010961793283019222,,1.0181832871304033,1.1574808359146118
smilesbert_early,0.003446924557756144,,0.9939648907294123,1.143632173538208
